{"cameraMode":{"drawMode":0,"name":"Shaded","section":"Shading Mode"},"sceneLighting":false,"audioPlay":false,"sceneViewState":{"showFog":true,"showMaterialUpdate":false,"showSkybox":false,"showFlares":true,"showImageEffects":true,"showParticleSystems":true,"showVisualEffectGraphs":true,"m_FxEnabled":true},"in2DMode":false,"pivot":{"x":16.512741088867189,"y":60.179832458496097,"z":22.79590606689453},"rotation":{"x":-0.28211820125579836,"y":0.40955841541290285,"z":-0.13481980562210084,"w":-0.8570283651351929},"size":2.9660251140594484,"orthographic":false}